prb_id,since
6611,2023-04-02T02:30:39Z
7153,2023-04-10T17:11:52Z
6964,2023-06-22T22:38:45Z
7235,2023-07-10T22:20:37Z
7142,2023-08-15T13:51:26Z
6816,2023-08-16T05:49:25Z
6855,2023-08-18T11:48:56Z
6917,2023-09-07T08:19:31Z
6837,2023-11-21T12:16:40Z
6117,2023-11-22T00:52:50Z
7167,2023-11-30T16:23:37Z
6444,2023-11-30T18:41:13Z
6672,2023-12-01T09:02:07Z
7237,2023-12-16T21:30:24Z
7257,2023-12-16T21:30:26Z
7259,2023-12-16T21:30:55Z
6685,2023-12-28T01:33:00Z
6848,2024-01-01T07:29:52Z
7228,2024-01-30T12:09:41Z
7229,2024-01-30T12:10:29Z
6913,2024-01-31T10:00:03Z
6916,2024-01-31T10:05:15Z
6786,2024-02-20T14:20:31Z
7252,2024-02-23T23:24:05Z
6344,2024-02-26T11:06:50Z
6557,2024-03-06T14:41:28Z
6765,2024-03-13T19:29:37Z
7299,2024-03-15T07:11:46Z
6806,2024-04-12T14:35:03Z
6807,2024-04-12T14:35:28Z
6802,2024-04-12T14:35:56Z
6814,2024-04-12T14:36:22Z
7088,2024-04-19T19:27:39Z
7176,2024-04-23T07:59:29Z
6908,2024-04-29T09:40:29Z
6572,2024-05-16T22:05:32Z
7285,2024-05-22T21:21:07Z
7353,2024-05-23T23:17:41Z
6409,2024-05-26T14:16:55Z
6825,2024-05-30T08:22:40Z
7321,2024-06-16T07:56:13Z
7051,2024-06-19T19:07:09Z
7255,2024-06-23T09:04:35Z
6822,2024-06-26T16:52:20Z
6864,2024-06-27T04:19:06Z
6340,2024-07-01T12:32:05Z
6912,2024-07-12T07:33:43Z
6781,2024-07-22T14:47:01Z
7058,2024-07-22T14:47:06Z
6405,2024-07-23T07:42:34Z
6593,2024-07-23T09:19:06Z
6621,2024-08-07T08:28:17Z
7191,2024-08-07T15:05:54Z
7074,2024-08-07T15:19:46Z
6823,2024-08-09T02:59:19Z
6479,2024-08-13T13:18:56Z
6654,2024-08-14T09:03:48Z
7312,2024-08-19T00:11:38Z
7263,2024-08-20T12:30:19Z
7094,2024-08-22T11:21:28Z
7133,2024-08-22T14:47:48Z
6859,2024-08-23T14:28:01Z
6901,2024-08-24T16:14:35Z
7331,2024-08-26T23:44:51Z
6579,2024-08-27T08:46:26Z
7270,2024-09-02T16:10:52Z
6612,2024-09-08T16:57:22Z
7059,2024-09-12T09:35:22Z
7365,2024-09-17T14:22:20.152285Z
6625,2024-09-24T12:10:47Z
7179,2024-10-01T20:53:08Z
6386,2024-10-07T13:24:40Z
7132,2024-10-09T13:07:29Z
6847,2024-10-15T10:25:28Z
7291,2024-11-12T11:29:55Z
7382,2024-11-12T17:57:54Z
6246,2024-11-14T14:24:35Z
6531,2024-11-18T14:02:38Z
7218,2024-11-18T14:15:40Z
7122,2024-11-20T10:18:34Z
7016,2024-11-25T16:21:17Z
7175,2024-11-25T16:22:28Z
6961,2024-11-25T16:24:17Z
7121,2024-11-26T14:47:30Z
6560,2024-11-26T14:57:47Z
7260,2024-11-27T21:53:59Z
6951,2024-11-29T11:58:55Z
7217,2024-12-04T10:01:06.909523Z
7112,2024-12-04T10:16:51Z
7241,2024-12-10T12:18:17Z
7243,2024-12-10T12:34:12Z
7251,2024-12-10T12:34:14Z
7056,2024-12-10T12:38:50Z
7330,2024-12-10T22:38:55Z
6338,2024-12-11T07:39:31Z
6939,2024-12-11T09:57:41Z
6876,2024-12-12T09:57:22Z
7214,2024-12-12T09:57:26Z
6519,2024-12-12T09:58:06Z
6938,2024-12-12T09:58:30Z
6072,2024-12-16T14:14:40Z
6886,2024-12-17T12:08:38Z
7309,2024-12-17T16:39:18Z
7301,2024-12-20T13:46:07Z
7407,2024-12-28T10:41:09Z
7311,2025-01-08T05:29:34Z
6776,2025-01-15T13:38:49Z
7430,2025-01-24T23:52:41Z
6862,2025-01-26T14:50:14Z
7248,2025-01-31T20:16:56Z
7266,2025-02-12T01:31:14Z
7356,2025-02-27T23:02:41Z
7060,2025-02-27T23:15:57Z
6367,2025-03-17T03:53:55Z
6298,2025-03-19T19:55:23Z
7417,2025-03-28T13:57:20Z
7178,2025-03-31T03:48:39Z
7046,2025-04-11T12:42:58Z
6491,2025-04-12T18:45:55Z
7289,2025-04-28T15:14:25Z
7340,2025-05-09T18:25:30Z
6884,2025-05-11T22:03:14Z
7246,2025-05-13T14:15:52Z
7212,2025-05-18T01:26:11Z
6667,2025-05-21T17:18:10Z
7116,2025-05-21T21:22:00Z
6906,2025-05-22T10:15:29Z
7335,2025-05-24T10:11:52Z
6894,2025-05-28T11:07:52Z
6607,2025-06-02T21:22:18Z
6368,2025-06-12T12:35:49Z
6637,2025-06-20T19:14:31Z
7524,2025-06-29T14:26:35Z
7506,2025-07-15T04:20:03Z
7566,2025-07-21T16:10:58Z
7427,2025-07-22T20:37:58Z
7296,2025-07-23T11:25:06Z
7391,2025-07-28T09:08:24Z
7424,2025-07-29T08:51:48Z
6998,2025-08-10T12:40:48.749380Z
6603,2025-08-12T07:36:14Z
7438,2025-08-15T20:48:50Z
7303,2025-08-22T02:41:15Z
7315,2025-08-26T17:34:16Z
7575,2025-08-26T18:21:27Z
7469,2025-09-01T10:06:06Z
7562,2025-09-12T00:10:02Z
7273,2025-09-15T13:31:27Z
7451,2025-09-18T14:01:25Z
7518,2025-09-19T18:15:03Z
6395,2025-09-22T09:37:09Z
7571,2025-10-08T04:25:20Z
6445,2025-10-09T08:01:23Z
7347,2025-10-09T18:18:28Z
6785,2025-10-24T13:11:03Z
7559,2025-10-25T17:58:59Z
7515,2025-11-04T01:04:26Z
6384,2025-11-12T21:08:27Z
6934,2025-11-14T00:21:32Z
7079,2025-11-18T03:49:11Z
7264,2025-11-19T17:10:42Z
7358,2025-11-26T10:31:45Z
6756,2025-11-26T14:01:25Z
7373,2025-12-02T11:08:22Z
7653,2025-12-07T08:06:24Z
7108,2025-12-08T02:19:31Z
