prb_id,since
7267,2026-04-06T14:28:08Z
6400,2026-04-07T08:08:48Z
7589,2026-04-09T07:15:28Z
6642,2026-04-10T19:19:22Z
6853,2026-04-22T14:48:25Z
7520,2026-05-02T12:03:18Z
7721,2026-05-08T09:09:44Z
7556,2026-05-08T09:11:32Z
7240,2026-05-11T17:02:40Z
7281,2026-05-14T11:30:20Z
6518,2026-05-19T20:44:34Z
7682,2026-05-21T22:07:03Z
7457,2026-05-28T13:05:58Z
7619,2026-05-28T13:05:59Z
7597,2026-05-28T14:50:10Z
7732,2026-06-03T02:48:58Z
6831,2026-06-04T10:54:15.273508Z
7667,2026-06-06T16:39:55Z
6523,2026-06-12T08:56:47Z
7568,2026-06-12T15:40:06Z
6586,2026-06-16T08:45:49Z
7380,2026-06-19T05:00:04Z
7510,2026-06-19T23:20:13Z
7504,2026-06-26T13:24:15Z
7451,2026-06-27T03:59:13Z
7491,2026-06-28T18:11:17Z
6716,2026-06-30T22:53:05Z
7529,2026-07-02T10:44:24Z
6639,2026-07-03T08:41:44Z
7756,2026-07-03T17:42:22Z
7640,2026-07-05T11:04:22Z
7524,2026-07-06T02:14:24Z
6839,2026-07-06T04:56:47Z
